docking_id,n_models_ok,centroid_pairwise_min_A,centroid_pairwise_max_A,centroid_pairwise_mean_A,centroid_pairwise_std_A,lig_to_C727_min,lig_to_C727_max,lig_to_C727_mean,lig_to_C727_std
C727R_9S18_HRO761,5,1.9353533261077365,50.6686267107305,33.275090803349855,14.193642551076248,32.63075611590304,34.20713622863799,33.20849635963981,0.5419670607040523
C727R_9MJT_VVD-214,5,6.432407292418256,27.502258102381337,17.2336854451653,5.959437155413245,16.201462021098934,30.998883254813478,19.723826794183722,5.659741429128694
C727S_9MJT_VVD-214,5,14.343222720698288,22.85752845086761,18.133150957041437,2.995420876277018,16.055978189723877,27.372755223193902,18.995455943158632,4.236937036582428
G729D_9MJT_VVD-214,5,10.198669021222548,33.30713114524676,20.47825054229794,7.456276716967076,16.14714928586467,33.43271346939501,22.903145857548452,7.164044295839476
L528S_9MJT_VVD-214,5,12.943375043713372,40.96115974174668,27.14920776702466,7.721020204699133,16.261593251277688,33.933115447123,25.437046053311917,7.379468615717202
C727A_9MJT_VVD-214_cov,5,4.107860935112362,22.18952883969774,17.122192317397783,5.250199542243851,15.928118608751145,17.91392267961183,16.81140973201883,0.8198011650287691
C727S_9MJT_VVD-214_cov,5,7.958605721710929,30.42502822584512,21.40204312716557,6.86646678412638,16.05784221964804,34.450924726405304,20.406445943528624,7.055623652145474
F730L_9MJT_VVD-214,5,13.181402881416767,39.1403689620519,23.953784359975486,7.843225823630264,16.45929102246577,34.160576164637504,23.919321027097613,7.175302733650678
WT_9S18_HRO761,5,11.27760239488767,47.571489901592415,36.01888933305598,12.004482984609053,32.74561631652683,33.739023812543934,33.20178384529636,0.3487933104758435
WT_9MJT_VVD-214,5,6.315807605524411,25.11098306516272,17.828127794482015,5.116827459173416,16.067763319039358,28.444772944348767,19.391633926528463,4.580444154999159
